{"iters": 123102, "learning rate": 0.002, "Grad": 0.07443726062774658, "loss": 0.6761749982833862, "_timestamp": 1665422125.4630432, "_runtime": 3642.4237112998962, "_step": 123163, "gen_pcd": {"_type": "image-file", "sha256": "f3b1f347f2173299c94aefa503af524e5214960c6dc761f54a7acce84c1e9283", "size": 117929, "path": "media/images/gen_pcd_122060_f3b1f347f2173299c94a.png", "format": "png", "width": 800, "height": 800, "caption": "generated point cloud"}, "_wandb": {"runtime": 3641}}