{"iters": 39769, "learning rate": 0.002, "Grad": 0.154037743806839, "loss": 0.6347405314445496, "_timestamp": 1665398173.1883116, "_runtime": 19599.509932518005, "_step": 39772, "gen_pcd": {"_type": "image-file", "sha256": "4b81d55ad14835f7e20b8ef9d2764001dc8f7818bdec99e22e96b8a5ec5339d0", "size": 134627, "path": "media/images/gen_pcd_30002_4b81d55ad14835f7e20b.png", "format": "png", "width": 800, "height": 800, "caption": "generated point cloud"}}