{"iters": 4199, "learning rate": 0.0002, "Grad": 2.0989980697631836, "loss": 0.7763604521751404, "_timestamp": 1665320572.142223, "_runtime": 3117.5149009227753, "_step": 4240, "gen_pcd": {"_type": "image-file", "sha256": "b6037ebfb65f6d6288d829a88b8882651a47840838dd4dfc92558723d95c360b", "size": 123047, "path": "media/images/gen_pcd_4140_b6037ebfb65f6d6288d8.png", "format": "png", "width": 800, "height": 800, "caption": "generated point cloud"}, "_wandb": {"runtime": 3124}}