{"iters": 130454, "learning rate": 0.002, "Grad": 0.05990689992904663, "loss": 0.4314264953136444, "_timestamp": 1665332595.857801, "_runtime": 1725.2020318508148, "_step": 130584, "gen_pcd": {"_type": "image-file", "sha256": "fcd6d80a1816f25c88ea6ae5667c63cf7508fc0157e6ad1970ccef495666eb1b", "size": 142905, "path": "media/images/gen_pcd_130129_fcd6d80a1816f25c88ea.png", "format": "png", "width": 800, "height": 800, "caption": "generated point cloud"}, "_wandb": {"runtime": 1724}}