{"iters": 1999, "learning rate": 0.002, "Grad": 7.5485029220581055, "loss": 0.2573161721229553, "_timestamp": 1665415553.1392322, "_runtime": 29.850107192993164, "_step": 1999, "_wandb": {"runtime": 29}}