{"iters": 273, "learning rate": 0.002, "Grad": 1.2444595098495483, "loss": 0.18216454982757568, "_timestamp": 1665315160.518218, "_runtime": 124.35594010353088, "_step": 273, "_wandb": {"runtime": 124}}