{"iters": 299, "learning rate": 0.002, "Grad": 1.5018645524978638, "loss": 0.9661945700645447, "_timestamp": 1665315418.7809715, "_runtime": 194.29669547080994, "_step": 301, "gen_pcd": {"_type": "image-file", "sha256": "dad4b4e74a2841be1bed8fc31d86376b9dc03cb77606f8dcedbb6e456257e707", "size": 30859, "path": "media/images/gen_pcd_201_dad4b4e74a2841be1bed.png", "format": "png", "width": 1280, "height": 960, "caption": "generated point cloud"}, "_wandb": {"runtime": 200}}