{"iters": 1199, "learning rate": 0.002, "Grad": 1.718922734260559, "loss": 0.32678189873695374, "_timestamp": 1665317375.1129935, "_runtime": 894.9993605613708, "_step": 1211, "gen_pcd": {"_type": "image-file", "sha256": "04eeed54798ef09f23e0c87e797b82e3736b0e12efebf25940e4e5cb7711387a", "size": 125860, "path": "media/images/gen_pcd_1211_04eeed54798ef09f23e0.png", "format": "png", "width": 800, "height": 800, "caption": "generated point cloud"}, "_wandb": {"runtime": 894}}