{"iters": 1653, "learning rate": 0.002, "Grad": 0.314300537109375, "loss": 0.7924463152885437, "_timestamp": 1665312945.485733, "_runtime": 771.4879419803619, "_step": 1653, "_wandb": {"runtime": 771}}