{"iters": 22962, "learning rate": 0.002, "Grad": 1.1605236530303955, "loss": 0.6183635592460632, "_timestamp": 1665330459.9267893, "_runtime": 304.07533836364746, "_step": 22984, "gen_pcd": {"_type": "image-file", "sha256": "d3fea2f853fef4d96d1ce50f0e30f6f540b4ef89de8b9d313cf8e45afda95d7c", "size": 159313, "path": "media/images/gen_pcd_22021_d3fea2f853fef4d96d1c.png", "format": "png", "width": 800, "height": 800, "caption": "generated point cloud"}, "_wandb": {"runtime": 303}}