{"iters": 1999, "learning rate": 0.002, "Grad": 5.836129665374756, "loss": 0.13613361120224, "_timestamp": 1665416302.2709007, "_runtime": 27.589025735855103, "_step": 1999, "_wandb": {"runtime": 27}}