{"iters": 7599, "learning rate": 0.0002, "Grad": 1.3747848272323608, "loss": 0.4760315418243408, "_timestamp": 1665329963.3966408, "_runtime": 150.02590370178223, "_step": 7674, "gen_pcd": {"_type": "image-file", "sha256": "f812456e0412c49940e2f109a90ea085fad8fed09b1bbef28ada340d706a6fb9", "size": 163027, "path": "media/images/gen_pcd_7574_f812456e0412c49940e2.png", "format": "png", "width": 800, "height": 800, "caption": "generated point cloud"}, "_wandb": {"runtime": 143}}