{"iters": 14671, "learning rate": 0.002, "Grad": 0.0692782923579216, "loss": 0.7198175191879272, "_timestamp": 1665417153.1539316, "_runtime": 730.240211725235, "_step": 14678, "gen_pcd": {"_type": "image-file", "sha256": "3f36dc2ac78c201ce1ddfba622791cc261c37780afcae629bcf31d0f593fe06c", "size": 142274, "path": "media/images/gen_pcd_14006_3f36dc2ac78c201ce1dd.png", "format": "png", "width": 800, "height": 800, "caption": "generated point cloud"}, "_wandb": {"runtime": 729}}