{"iters": 29, "learning rate": 0.002, "Grad": 0.9656978249549866, "loss": 0.7059596180915833, "_timestamp": 1665317421.0640643, "_runtime": 17.082563161849976, "_step": 29, "_wandb": {"runtime": 16}}