{"iters": 16072, "learning rate": 0.002, "Grad": 0.3241480588912964, "loss": 0.13672134280204773, "_timestamp": 1665418338.0960627, "_runtime": 1119.0405867099762, "_step": 16080, "gen_pcd": {"_type": "image-file", "sha256": "46c56ee10ae2591bd9b1db0dc566b2e1d7b09b99560c8d43d8b936205117ec13", "size": 137249, "path": "media/images/gen_pcd_16007_46c56ee10ae2591bd9b1.png", "format": "png", "width": 800, "height": 800, "caption": "generated point cloud"}, "_wandb": {"runtime": 1118}}