{"iters": 1999, "learning rate": 0.002, "Grad": 2.750900983810425, "loss": 0.03239039331674576, "_timestamp": 1665416226.5506444, "_runtime": 30.68880844116211, "_step": 1999, "_wandb": {"runtime": 29}}