{"iters": 1707, "learning rate": 0.002, "Grad": 0.7607994079589844, "loss": 0.19585105776786804, "_timestamp": 1665422193.303125, "_runtime": 24.93198585510254, "_step": 1707, "_wandb": {"runtime": 24}}